id;name;last_name;cif;direction;municipality;pc;telephone_number;email;privacy_url;cancel_url;enterprise;registry_code;main_room_name;subdomain;menu_tpv;menu_clientes;menu_integraciones;menu_salas;menu_perfil;menu_ayuda;menu_taquilla;menu_abonos;menu_icaa;disclaimers;reglas;usuarios;cupones;venta_cruzada;packs;menu_tipos_evento;menu_plantillas_precios;menu_plantillas_reserva;menu_tarifas;menu_compras_reservas;menu_informes;menu_informes_sesion;third_party;menu_aforo_por_dias;status
1;Asistente;Arreola;holística program;Investment Seguridada;SQL;empower auxiliary experiences;Yemen;Carla_Gaytn4@yahoo.com;Navarra Islas Expandido;Pa'anga Violeta online;JBOD;Profundo;archivo;Ergonómico Artesanal bluetooth;copying;multi-byte;Guapo Blanco;primary;Renminbi Amarillo;Dollar calculate Silla;Queso Loan Jefe;RSS COM;Barrio Loan Ergonómico;application;Gorro Berkshire Toallas;Reducido connect Música;transmitting Irlanda;Métricas Camiseta Granito;Mesa;Salchichas;Terrenos;overriding India multitarea;Account;homogénea compressing;intuitive Negro Pequeño;transicional Madera wireless;Informática Open-source parsing;New Humano;DONE
2;Guapa Hungria;Orosco;Cambridgeshire Teclado;Chile quantify generating;Salchichas interfaz indexing;transmitter Amarillo Ejecutivo;up neural;Hugo_Delatorre57@gmail.com;y payment Morado;open-source;Investment basado Portugal;Iran Metal online;Sopa;Buckinghamshire Blanco Gráfica;Gestionado Taiwan Urbanización;Parcela scalable;amplio SSL transparent;payment tangible quantify;Inteligente;Humano parsing Fantástico;optimizada Hormigon;Italia Soluciones;blockchains;Bebes Genérico Actualizable;Asistente backing;Informática;tolerancia communities;Oficial Central;International Jardines;Buckinghamshire reboot;Verde parse;hacking embrace;colaboración Cliente;Belarussian;monitor Artesanal up;Pescado Tenge;PCI;convergence Programa;EDITED
3;encriptar;Avilés;Franc Zloty;Subida hack;payment;Buckinghamshire Jefe Guapa;Artesanal Irlanda;Dolores_Collazo@hotmail.com;Guapo Regional;Desarrollador Grupo archivo;Supervisor;index;generación;utilize International;withdrawal;Web Ergonómico monitorizar;ADP;Zapatos;PCI Dollar;Soluciones;Buckinghamshire Carretera;Rupee;mobile tiempo;Centrado;concepto;indexing;Morado;Aldea Adelante Amarillo;JBOD open-source Hecho;COM SDD;Asturias Tácticas;driver;feed Representante División;virtual Pequeño conglomeración;e-tailers;withdrawal Muelle metodologías;Canarias;scale payment Papelería;EDITED
4;Ordenador Oficial auxiliary;Medrano;visualize;cero bandwidth;Ergonómico one-to-one B2B;Andorra;neural Colonia Pelota;Javier48@gmail.com;synthesize partnerships;PNG Regional;Camiseta Violeta Re-contextualizado;transmitting basado Dinánmico;Pound Account;real matrix systems;overriding Marroquinería Central;withdrawal Rústico;Implementado monitor;y enhance withdrawal;Credit Senior Global;cross-platform;Avon;port;up;feed Pakistan Home;Azul Mascotas;Inteligente Ergonómico Ladrillo;Algodón Analista experiences;tolerante Bedfordshire Verde;back-end;brand;programming Guapo whiteboard;Seguridada Solar wireless;Granito emulación Adelante;Morado Guantes Calidad;optical;Equilibrado;innovadora Parafarmacia;a;WAITING
5;deposit capa Algodón;Cabrera;Poblado Fantástico Investment;24/365 migración connecting;modelo e-enable;Madera mesh programming;Violeta contingencia;Rubn.Barreto@gmail.com;deposit Seguridada;Savings transmitting discreta;Afghani;Inteligente world-class;Guatemala;Ladrillo ADP Egipto;vortals direccional;Granito Sabroso;leverage drive;whiteboard;Analista Dong Malta;wireless;Ladrillo;Director Pizza;Identidad no-volátil Corporativo;generate Guapa Loan;EXE;Ordenador;Productor;Orgánico Ensalada Ladrillo;24/7;generating back-end;Infraestructura;Blanco circuit Cuentas;Cliente Grecia;SAS;payment;Hormigon Estratega;Ladrillo por;TCP eyeballs;WAITING
6;Moda;Atencio;SAS;hack;withdrawal;XML Papelería Salud;COM Fantástico;Clemente.Valdez74@gmail.com;channels Morado Account;complejidad;Facilitador;Coordinador;Calleja maximizada;innovate;Acero;sticky streamline clicks-and-mortar;Tenge;Indonesia Home paralelismo;Videojuegos;withdrawal Murcia;hacking deposit Blanco;Reactivo calculate;Funcionalidad deposit;Especialista Coche Intuitivo;Moroccan web-readiness Camiseta;PCI auxiliary;Account;capacitor microchip local;GB Negro;focus Berkshire;Metal Urbanización Versatil;Marketing optical concepto;Colegio Ejecutivo digital;THX Ladrillo Philippine;Plástico;Nacional;SQL Avon;En;CREATED
7;channels Asistente;Hidalgo;arquitectura;Mancha Pizza;Avenida Queso Berkshire;Mejorado Teclado;parsing recíproca Mesa;Caridad58@gmail.com;neural;Berkshire;Verde;Ladrillo;Genérico capa input;SAS panel Director;Rojo architectures Inteligente;Jardines;Comunicaciones;Nakfa Global;Eslovaquia óptima;de;Guapa de Violeta;Para Prolongación Especialista;Dinánmico Senior;optical;back terciaria Técnico;Contabilidad e-commerce;Leona Amarillo;Metal Guapa;Sabroso;Marroquinería communities Berkshire;vortals seize Negro;withdrawal enterprise;Reactivo Rústico RSS;Funcionalidad Morado withdrawal;utilización withdrawal;Asturias Producto neural;Bedfordshire Hormigon Optimización;whiteboard connect;DONE
8;quantifying incubate;Robledo;GB Cantabria;Supervisor primary uniforme;Account panel Rústico;Metal IB action-items;Sincronizado;Lola_Quirz@hotmail.com;Kazajistan Extremadura Electrónica;invoice;HTTP;Sopa cara;actitud Papelería generating;data-warehouse invoice;Avon;inteligencia Futuro Genérico;Terrenos Blanco;Seguridada;Informática;digital;Distrito Asistente Fácil;schemas parsing;Arquitecto;capacitor;content Metal;Amarillo Ethiopian;Colombia moderador;interface XSS Futuro;Configuración soporte;TCP Borders next-generation;SCSI compress;Metal recontextualize;Mesa payment Granito;copying 24/7 Open-source;Pequeño withdrawal;Blanco Amarillo;THX;Pescado canal;CREATED
9;Plástico deposit gestión;Cisneros;Ladrillo;transmit a Mobilidad;habilidad Chalet Coche;synthesizing;Bajada extend;Toms35@hotmail.com;escalable Teclado Práctico;Loan habilidad de;metrics Guam;Especialista;Avon Cantabria;Vasco Personal Calidad;Vasco Hogar enable;Morado;Peso Sopa de;generación payment;Gerente;Glorieta;bus Perseverando Jefe;Re-contextualizado parsing;copy Producto Moda;Monte Humano open-source;holistic Librería Bicicleta;Bebes Senior Asistente;navigate Madera HDD;bluetooth;Andalucía;Optimización;Ladrillo;Puente HDD next-generation;wireless back-end Grecia;heurística;Apartamento;Pelota Algodón index;Camboya Ejecutivo innovate;1080p Valenciana orquestar;DONE
10;auxiliary PNG Pollo;Cornejo;Investigación Hormigon;Plástico;Cine Central Berkshire;application;Refinado Galicia functionalities;Sara.Zaragoza@yahoo.com;cutting-edge;Granito;Berkshire AGP connecting;Pizza;Cine crítica;Rincón;Orígenes;Irlanda;Central Checking virtual;Ladrillo supply-chains interface;Estratega;Samoa Japón e-commerce;Seguridada Analista;Implementado Artesanal;leading-edge;Rojo;end-to-end Rampa virtual;Congo;Extrarradio Algodón;compressing;Juguetería;Cine;Seguro syndicate Sorprendente;website Morado parsing;Diverso recontextualize;bus;Irak Ladrillo;Kenia Datos;synthesizing;EXE;EDITED
